<?xml version="1.0" encoding="UTF-8"?>
<project-private xmlns="http://www.netbeans.org/ns/project-private/1">
    <editor-bookmarks xmlns="http://www.netbeans.org/ns/editor-bookmarks/2" lastBookmarkId="0"/>
    <open-files xmlns="http://www.netbeans.org/ns/projectui-open-files/2">
        <group>
            <file>file:/C:/Users/Olivier%20Rugwiro/Documents/NetBeansProjects/Clinical%20(1)/src/java/Model/PatientsModel.java</file>
            <file>file:/C:/Users/Olivier%20Rugwiro/Documents/NetBeansProjects/Clinical%20(1)/src/java/Domain/Main.java</file>
            <file>file:/C:/Users/Olivier%20Rugwiro/Documents/NetBeansProjects/Clinical%20(1)/web/Dashboard/Patients/requestAppointment.xhtml</file>
            <file>file:/C:/Users/Olivier%20Rugwiro/Documents/NetBeansProjects/Clinical%20(1)/src/java/Domain/Appointment.java</file>
            <file>file:/C:/Users/Olivier%20Rugwiro/Documents/NetBeansProjects/Clinical%20(1)/src/java/hibernate.cfg.xml</file>
            <file>file:/C:/Users/Olivier%20Rugwiro/Documents/NetBeansProjects/Clinical%20(1)/src/java/Model/HospitalModel.java</file>
        </group>
    </open-files>
</project-private>
